CREATE TABLE INVENTORY
(
INVENTORYITEMS VARCHAR2(20 BYTE) NOT NULL,
STOCKQUANTITY NUMBER(20, 0)
);
-- Create ITEM Table
CREATE TABLE ITEM
(
ITEMID NUMBER(20, 0) NOT NULL,
ITEMPRICE NUMBER NOT NULL,
ITEMNAME VARCHAR2(50) NOT NULL
);
-- Create CUSTOMER Table
CREATE TABLE CUSTOMER
(
CUSTOMERNAME VARCHAR2(50 BYTE) NOT NULL,
CUSTOMEREMAIL VARCHAR2(50 BYTE) NOT NULL,
CUSTOMERADDRESS VARCHAR2(50 BYTE) NOT NULL,
PCID NUMBER NOT NULL
);
ALTER TABLE CUSTOMER MODIFY CUSTOMEREMAIL VARCHAR2(50);
-- Create PCOPTIMUMMEMBERSHIP Table
CREATE TABLE PCOPTIMUMMEMBERSHIP
(
PCID NUMBER NOT NULL,
POINTS NUMBER
);
-- Create TRANSACTION Table
CREATE TABLE TRANSACTION
(
TRANSACTIONID NUMBER NOT NULL,
PAYMENTTYPE VARCHAR2(20) NOT NULL
);
-- Create DISCOUNT Table
CREATE TABLE DISCOUNT
(
DISCOUNTPERECENT NUMBER,
DISCOUNTTYPE VARCHAR2(50),
DISCOUNTDATE DATE
);
-- Create RECEIPT Table
CREATE TABLE RECEIPT
(
RECEIPTID NUMBER NOT NULL,
TOTALAMOUNT NUMBER NOT NULL,
TRANSACTIONDATE DATE NOT NULL,
POINTSEARNED NUMBER
);
-- Create RECEIPT Table
CREATE TABLE RECEIPT
(
RECEIPTID NUMBER NOT NULL,
TOTALAMOUNT NUMBER NOT NULL,
TRANSACTIONDATE DATE NOT NULL,
POINTSEARNED NUMBER
);
-- Insert into INVENTORY Table
INSERT INTO INVENTORY (INVENTORYITEMS, STOCKQUANTITY) VALUES ('Pain
Reliever', 200);
INSERT INTO INVENTORY (INVENTORYITEMS, STOCKQUANTITY) VALUES ('Cough
Syrup', 150);
INSERT INTO INVENTORY (INVENTORYITEMS, STOCKQUANTITY) VALUES
('Band-Aids', 300);
INSERT INTO INVENTORY (INVENTORYITEMS, STOCKQUANTITY) VALUES
('Antiseptic', 100);
INSERT INTO INVENTORY (INVENTORYITEMS, STOCKQUANTITY) VALUES
('Thermometer', 80);
INSERT INTO INVENTORY (INVENTORYITEMS, STOCKQUANTITY) VALUES
('Vitamins', 120);
INSERT INTO INVENTORY (INVENTORYITEMS, STOCKQUANTITY) VALUES ('Cold
Medicine', 90);
INSERT INTO INVENTORY (INVENTORYITEMS, STOCKQUANTITY) VALUES ('Allergy
Relief', 60);
INSERT INTO INVENTORY (INVENTORYITEMS, STOCKQUANTITY) VALUES ('First
Aid Kit', 50);
INSERT INTO INVENTORY (INVENTORYITEMS, STOCKQUANTITY) VALUES ('Eye
Drops', 70);
-- Insert into ITEM Table
INSERT INTO ITEM (ITEMID, ITEMPRICE, ITEMNAME) VALUES (10000001, 4.99, 'Pain
Reliever');
INSERT INTO ITEM (ITEMID, ITEMPRICE, ITEMNAME) VALUES (10000002, 5.49,
'Cough Syrup');
INSERT INTO ITEM (ITEMID, ITEMPRICE, ITEMNAME) VALUES (10000003, 2.99,
'Band-Aids');
INSERT INTO ITEM (ITEMID, ITEMPRICE, ITEMNAME) VALUES (10000004, 3.49,
'Antiseptic');
INSERT INTO ITEM (ITEMID, ITEMPRICE, ITEMNAME) VALUES (10000005, 9.99,
'Thermometer');
INSERT INTO ITEM (ITEMID, ITEMPRICE, ITEMNAME) VALUES (10000006, 12.99,
'Vitamins');
INSERT INTO ITEM (ITEMID, ITEMPRICE, ITEMNAME) VALUES (10000007, 7.99, 'Cold
Medicine');
INSERT INTO ITEM (ITEMID, ITEMPRICE, ITEMNAME) VALUES (10000008, 6.49,
'Allergy Relief');
INSERT INTO ITEM (ITEMID, ITEMPRICE, ITEMNAME) VALUES (10000009, 19.99, 'First
Aid Kit');
INSERT INTO ITEM (ITEMID, ITEMPRICE, ITEMNAME) VALUES (10000010, 4.99, 'Eye
Drops');
-- Insert into CUSTOMER Table
INSERT INTO CUSTOMER (CUSTOMERNAME, CUSTOMEREMAIL,
CUSTOMERADDRESS, PCID) VALUES ('John Doe', 'johndoe@example.com', '123 Main St',
1001);
INSERT INTO CUSTOMER (CUSTOMERNAME, CUSTOMEREMAIL,
CUSTOMERADDRESS, PCID) VALUES ('Jane Smith', 'janesmith@example.com', '456 Oak
St', 1002);
INSERT INTO CUSTOMER (CUSTOMERNAME, CUSTOMEREMAIL,
CUSTOMERADDRESS, PCID) VALUES ('Alice Johnson', 'alicejohnson@example.com', '789
Pine Rd', 1003);
INSERT INTO CUSTOMER (CUSTOMERNAME, CUSTOMEREMAIL,
CUSTOMERADDRESS, PCID) VALUES ('Bob Brown', 'bobbrown@example.com', '321 Maple
Ave', 1004);
INSERT INTO CUSTOMER (CUSTOMERNAME, CUSTOMEREMAIL,
CUSTOMERADDRESS, PCID) VALUES ('Charlie Davis', 'charliedavis@example.com', '654
Elm St', 1005);
INSERT INTO CUSTOMER (CUSTOMERNAME, CUSTOMEREMAIL,
CUSTOMERADDRESS, PCID) VALUES ('Daisy Lee', 'daisylee@example.com', '987 Birch St',
1006);
INSERT INTO CUSTOMER (CUSTOMERNAME, CUSTOMEREMAIL,
CUSTOMERADDRESS, PCID) VALUES ('Edward King', 'edwardking@example.com', '852
Cedar St', 1007);
INSERT INTO CUSTOMER (CUSTOMERNAME, CUSTOMEREMAIL,
CUSTOMERADDRESS, PCID) VALUES ('Fiona Green', 'fionagreen@example.com', '369
Spruce St', 1008);
INSERT INTO CUSTOMER (CUSTOMERNAME, CUSTOMEREMAIL,
CUSTOMERADDRESS, PCID) VALUES ('George Hall', 'georgehall@example.com', '741
Willow St', 1009);
INSERT INTO CUSTOMER (CUSTOMERNAME, CUSTOMEREMAIL,
CUSTOMERADDRESS, PCID) VALUES ('Hannah Scott', 'hannahscott@example.com', '159
Poplar St', 1010);
-- Insert into PCOPTIMUMMEMBERSHIP Table
INSERT INTO PCOPTIMUMMEMBERSHIP (PCID, POINTS) VALUES (1001, 100);
INSERT INTO PCOPTIMUMMEMBERSHIP (PCID, POINTS) VALUES (1002, 150);
INSERT INTO PCOPTIMUMMEMBERSHIP (PCID, POINTS) VALUES (1003, 200);
INSERT INTO PCOPTIMUMMEMBERSHIP (PCID, POINTS) VALUES (1004, 50);
INSERT INTO PCOPTIMUMMEMBERSHIP (PCID, POINTS) VALUES (1005, 75);
INSERT INTO PCOPTIMUMMEMBERSHIP (PCID, POINTS) VALUES (1006, 90);
INSERT INTO PCOPTIMUMMEMBERSHIP (PCID, POINTS) VALUES (1007, 110);
INSERT INTO PCOPTIMUMMEMBERSHIP (PCID, POINTS) VALUES (1008, 130);
INSERT INTO PCOPTIMUMMEMBERSHIP (PCID, POINTS) VALUES (1009, 80);
INSERT INTO PCOPTIMUMMEMBERSHIP (PCID, POINTS) VALUES (1010, 60);
-- Insert into TRANSACTION Table
INSERT INTO TRANSACTION (TRANSACTIONID, PAYMENTTYPE) VALUES (1001,
'Credit Card');
INSERT INTO TRANSACTION (TRANSACTIONID, PAYMENTTYPE) VALUES (1002,
'Cash');
INSERT INTO TRANSACTION (TRANSACTIONID, PAYMENTTYPE) VALUES (1003,
'Debit Card');
INSERT INTO TRANSACTION (TRANSACTIONID, PAYMENTTYPE) VALUES (1004,
'Mobile Payment');
INSERT INTO TRANSACTION (TRANSACTIONID, PAYMENTTYPE) VALUES (1005, 'Gift
Card');
INSERT INTO TRANSACTION (TRANSACTIONID, PAYMENTTYPE) VALUES (1006,
'Credit Card');
INSERT INTO TRANSACTION (TRANSACTIONID, PAYMENTTYPE) VALUES (1007,
'Cash');
INSERT INTO TRANSACTION (TRANSACTIONID, PAYMENTTYPE) VALUES (1008,
'Debit Card');
INSERT INTO TRANSACTION (TRANSACTIONID, PAYMENTTYPE) VALUES (1009,
'Mobile Payment');
INSERT INTO TRANSACTION (TRANSACTIONID, PAYMENTTYPE) VALUES (1010, 'Gift
Card');
-- Insert into DISCOUNT Table
INSERT INTO DISCOUNT (DISCOUNTPERECENT, DISCOUNTTYPE, DISCOUNTDATE)
VALUES (10, 'Seasonal Discount', TO_DATE('2024-10-01', 'YYYY-MM-DD'));
INSERT INTO DISCOUNT (DISCOUNTPERECENT, DISCOUNTTYPE, DISCOUNTDATE)
VALUES (5, 'Member Discount', TO_DATE('2024-11-01', 'YYYY-MM-DD'));
INSERT INTO DISCOUNT (DISCOUNTPERECENT, DISCOUNTTYPE, DISCOUNTDATE)
VALUES (15, 'Holiday Sale', TO_DATE('2024-12-01', 'YYYY-MM-DD'));
INSERT INTO DISCOUNT (DISCOUNTPERECENT, DISCOUNTTYPE, DISCOUNTDATE)
VALUES (20, 'Clearance', TO_DATE('2024-10-15', 'YYYY-MM-DD'));
INSERT INTO DISCOUNT (DISCOUNTPERECENT, DISCOUNTTYPE, DISCOUNTDATE)
VALUES (30, 'Black Friday', TO_DATE('2024-11-24', 'YYYY-MM-DD'));
INSERT INTO DISCOUNT (DISCOUNTPERECENT, DISCOUNTTYPE, DISCOUNTDATE)
VALUES (25, 'New Year Sale', TO_DATE('2024-01-01', 'YYYY-MM-DD'));
INSERT INTO DISCOUNT (DISCOUNTPERECENT, DISCOUNTTYPE, DISCOUNTDATE)
VALUES (10, 'Loyalty Reward', TO_DATE('2024-02-14', 'YYYY-MM-DD'));
INSERT INTO DISCOUNT (DISCOUNTPERECENT, DISCOUNTTYPE, DISCOUNTDATE)
VALUES (5, 'Referral Discount', TO_DATE('2024-03-01', 'YYYY-MM-DD'));
INSERT INTO DISCOUNT (DISCOUNTPERECENT, DISCOUNTTYPE, DISCOUNTDATE)
VALUES (15, 'Student Discount', TO_DATE('2024-04-15', 'YYYY-MM-DD'));
INSERT INTO DISCOUNT (DISCOUNTPERECENT, DISCOUNTTYPE, DISCOUNTDATE)
VALUES (8, 'Loyalty Reward', TO_DATE('2024-11-15', 'YYYY-MM-DD'));
-- Insert into RECEIPT Table
INSERT INTO RECEIPT (RECEIPTID, TOTALAMOUNT, TRANSACTIONDATE,
POINTSEARNED) VALUES (1001, 29.99, TO_DATE('2024-09-30', 'YYYY-MM-DD'), 299.9);
INSERT INTO RECEIPT (RECEIPTID, TOTALAMOUNT, TRANSACTIONDATE,
POINTSEARNED) VALUES (1002, 15.49, TO_DATE('2024-09-30', 'YYYY-MM-DD'), 154.9);
INSERT INTO RECEIPT (RECEIPTID, TOTALAMOUNT, TRANSACTIONDATE,
POINTSEARNED) VALUES (1003, 45.00, TO_DATE('2024-09-30', 'YYYY-MM-DD'), 450);
INSERT INTO RECEIPT (RECEIPTID, TOTALAMOUNT, TRANSACTIONDATE,
POINTSEARNED) VALUES (1004, 89.99, TO_DATE('2024-09-30', 'YYYY-MM-DD'), 899.9);
INSERT INTO RECEIPT (RECEIPTID, TOTALAMOUNT, TRANSACTIONDATE,
POINTSEARNED) VALUES (1005, 25.00, TO_DATE('2024-09-30', 'YYYY-MM-DD'), 250);
INSERT INTO RECEIPT (RECEIPTID, TOTALAMOUNT, TRANSACTIONDATE,
POINTSEARNED) VALUES (1006, 55.50, TO_DATE('2024-09-30', 'YYYY-MM-DD'), 555);
INSERT INTO RECEIPT (RECEIPTID, TOTALAMOUNT, TRANSACTIONDATE,
POINTSEARNED) VALUES (1007, 75.00, TO_DATE('2024-09-30', 'YYYY-MM-DD'), 750);
INSERT INTO RECEIPT (RECEIPTID, TOTALAMOUNT, TRANSACTIONDATE,
POINTSEARNED) VALUES (1008, 60.25, TO_DATE('2024-09-30', 'YYYY-MM-DD'), 602.5);
INSERT INTO RECEIPT (RECEIPTID, TOTALAMOUNT, TRANSACTIONDATE,
POINTSEARNED) VALUES (1009, 30.75, TO_DATE('2024-09-30', 'YYYY-MM-DD'), 307.5);
INSERT INTO RECEIPT (RECEIPTID, TOTALAMOUNT, TRANSACTIONDATE,
POINTSEARNED) VALUES (1010, 22.50, TO_DATE('2024-09-30', 'YYYY-MM-DD'), 225);
